{
  "angular_leaf_spot": {
    "precision": 0.9701492537313433,
    "recall": 0.9848484848484849,
    "f1-score": 0.9774436090225563,
    "support": 66.0
  },
  "bean_rust": {
    "precision": 0.9552238805970149,
    "recall": 0.9696969696969697,
    "f1-score": 0.9624060150375939,
    "support": 66.0
  },
  "healthy": {
    "precision": 1.0,
    "recall": 0.9692307692307692,
    "f1-score": 0.984375,
    "support": 65.0
  },
  "accuracy": 0.9746192893401016,
  "macro avg": {
    "precision": 0.9751243781094527,
    "recall": 0.9745920745920746,
    "f1-score": 0.9747415413533834,
    "support": 197.0
  },
  "weighted avg": {
    "precision": 0.9749981059171149,
    "recall": 0.9746192893401016,
    "f1-score": 0.9746926405480706,
    "support": 197.0
  }
}