{
  "anthracnose": {
    "precision": 1.0,
    "recall": 1.0,
    "f1-score": 1.0,
    "support": 35.0
  },
  "healthy": {
    "precision": 0.9714285714285714,
    "recall": 1.0,
    "f1-score": 0.9855072463768116,
    "support": 34.0
  },
  "leaf_crinckle": {
    "precision": 0.96,
    "recall": 1.0,
    "f1-score": 0.9795918367346939,
    "support": 24.0
  },
  "powdery_mildew": {
    "precision": 1.0,
    "recall": 0.9642857142857143,
    "f1-score": 0.9818181818181818,
    "support": 28.0
  },
  "yellow_mosaic": {
    "precision": 1.0,
    "recall": 0.9714285714285714,
    "f1-score": 0.9855072463768116,
    "support": 35.0
  },
  "accuracy": 0.9871794871794872,
  "macro avg": {
    "precision": 0.9862857142857143,
    "recall": 0.9871428571428572,
    "f1-score": 0.9864849022612999,
    "support": 156.0
  },
  "weighted avg": {
    "precision": 0.9876190476190476,
    "recall": 0.9871794871794872,
    "f1-score": 0.9871866229009086,
    "support": 156.0
  }
}