{
  "healthy": {
    "precision": 0.7857142857142857,
    "recall": 0.4583333333333333,
    "f1-score": 0.5789473684210527,
    "support": 24.0
  },
  "segatoka": {
    "precision": 0.8541666666666666,
    "recall": 0.8541666666666666,
    "f1-score": 0.8541666666666666,
    "support": 48.0
  },
  "xamthomonas": {
    "precision": 0.8571428571428571,
    "recall": 0.926829268292683,
    "f1-score": 0.890625,
    "support": 123.0
  },
  "accuracy": 0.8512820512820513,
  "macro avg": {
    "precision": 0.8323412698412698,
    "recall": 0.7464430894308943,
    "f1-score": 0.774579678362573,
    "support": 195.0
  },
  "weighted avg": {
    "precision": 0.8476190476190476,
    "recall": 0.8512820512820513,
    "f1-score": 0.8432903171390014,
    "support": 195.0
  }
}