{
  "angular_leaf_spot": {
    "precision": 0.9285714285714286,
    "recall": 0.9848484848484849,
    "f1-score": 0.9558823529411765,
    "support": 66.0
  },
  "bean_rust": {
    "precision": 0.9682539682539683,
    "recall": 0.9242424242424242,
    "f1-score": 0.9457364341085271,
    "support": 66.0
  },
  "healthy": {
    "precision": 1.0,
    "recall": 0.9846153846153847,
    "f1-score": 0.9922480620155039,
    "support": 65.0
  },
  "accuracy": 0.9644670050761421,
  "macro avg": {
    "precision": 0.9656084656084656,
    "recall": 0.9645687645687646,
    "f1-score": 0.9646222830217358,
    "support": 197.0
  },
  "weighted avg": {
    "precision": 0.9654338892917573,
    "recall": 0.9644670050761421,
    "f1-score": 0.9644820506410567,
    "support": 197.0
  }
}