{
  "Canker": {
    "precision": 0.8,
    "recall": 0.3076923076923077,
    "f1-score": 0.4444444444444444,
    "support": 13.0
  },
  "Dot": {
    "precision": 0.5789473684210527,
    "recall": 0.9166666666666666,
    "f1-score": 0.7096774193548387,
    "support": 12.0
  },
  "Mummification": {
    "precision": 0.8888888888888888,
    "recall": 0.6153846153846154,
    "f1-score": 0.7272727272727273,
    "support": 13.0
  },
  "Rust": {
    "precision": 0.4375,
    "recall": 0.6363636363636364,
    "f1-score": 0.5185185185185185,
    "support": 11.0
  },
  "accuracy": 0.6122448979591837,
  "macro avg": {
    "precision": 0.6763340643274853,
    "recall": 0.6190268065268065,
    "f1-score": 0.5999782773976322,
    "support": 49.0
  },
  "weighted avg": {
    "precision": 0.6880698770736364,
    "recall": 0.6122448979591837,
    "f1-score": 0.6010644075160204,
    "support": 49.0
  }
}