{
  "Anthracnose": {
    "precision": 0.8771929824561403,
    "recall": 0.9259259259259259,
    "f1-score": 0.9009009009009009,
    "support": 54.0
  },
  "BacterialSpot": {
    "precision": 0.5625,
    "recall": 0.6428571428571429,
    "f1-score": 0.6,
    "support": 70.0
  },
  "Curl": {
    "precision": 0.7534246575342466,
    "recall": 0.6179775280898876,
    "f1-score": 0.6790123456790124,
    "support": 89.0
  },
  "Healthy": {
    "precision": 0.9714285714285714,
    "recall": 0.9714285714285714,
    "f1-score": 0.9714285714285714,
    "support": 35.0
  },
  "RingSpot": {
    "precision": 0.9047619047619048,
    "recall": 0.9382716049382716,
    "f1-score": 0.9212121212121213,
    "support": 81.0
  },
  "accuracy": 0.790273556231003,
  "macro avg": {
    "precision": 0.8138616232361727,
    "recall": 0.8192921546479599,
    "f1-score": 0.8145107878441212,
    "support": 329.0
  },
  "weighted avg": {
    "precision": 0.7935681758628991,
    "recall": 0.790273556231003,
    "f1-score": 0.7893584475144759,
    "support": 329.0
  }
}