{
  "anthracnose": {
    "precision": 1.0,
    "recall": 1.0,
    "f1-score": 1.0,
    "support": 35.0
  },
  "healthy": {
    "precision": 0.9444444444444444,
    "recall": 1.0,
    "f1-score": 0.9714285714285714,
    "support": 34.0
  },
  "leaf_crinckle": {
    "precision": 1.0,
    "recall": 1.0,
    "f1-score": 1.0,
    "support": 24.0
  },
  "powdery_mildew": {
    "precision": 1.0,
    "recall": 0.9285714285714286,
    "f1-score": 0.9629629629629629,
    "support": 28.0
  },
  "yellow_mosaic": {
    "precision": 1.0,
    "recall": 1.0,
    "f1-score": 1.0,
    "support": 35.0
  },
  "accuracy": 0.9871794871794872,
  "macro avg": {
    "precision": 0.9888888888888889,
    "recall": 0.9857142857142858,
    "f1-score": 0.9868783068783069,
    "support": 156.0
  },
  "weighted avg": {
    "precision": 0.9878917378917379,
    "recall": 0.9871794871794872,
    "f1-score": 0.9871252204585539,
    "support": 156.0
  }
}