{
  "Anthracnose": {
    "precision": 0.9230769230769231,
    "recall": 0.8888888888888888,
    "f1-score": 0.9056603773584906,
    "support": 54.0
  },
  "BacterialSpot": {
    "precision": 0.5643564356435643,
    "recall": 0.8142857142857143,
    "f1-score": 0.6666666666666666,
    "support": 70.0
  },
  "Curl": {
    "precision": 0.8064516129032258,
    "recall": 0.5617977528089888,
    "f1-score": 0.6622516556291391,
    "support": 89.0
  },
  "Healthy": {
    "precision": 0.9714285714285714,
    "recall": 0.9714285714285714,
    "f1-score": 0.9714285714285714,
    "support": 35.0
  },
  "RingSpot": {
    "precision": 0.9240506329113924,
    "recall": 0.9012345679012346,
    "f1-score": 0.9125,
    "support": 81.0
  },
  "accuracy": 0.7963525835866262,
  "macro avg": {
    "precision": 0.8378728351927354,
    "recall": 0.8275270990626797,
    "f1-score": 0.8237014542165735,
    "support": 329.0
  },
  "weighted avg": {
    "precision": 0.8205878393781557,
    "recall": 0.7963525835866262,
    "f1-score": 0.797645058951424,
    "support": 329.0
  }
}