{
  "anthracnose": {
    "precision": 0.9722222222222222,
    "recall": 1.0,
    "f1-score": 0.9859154929577465,
    "support": 35.0
  },
  "healthy": {
    "precision": 0.9705882352941176,
    "recall": 0.9705882352941176,
    "f1-score": 0.9705882352941176,
    "support": 34.0
  },
  "leaf_crinckle": {
    "precision": 0.96,
    "recall": 1.0,
    "f1-score": 0.9795918367346939,
    "support": 24.0
  },
  "powdery_mildew": {
    "precision": 1.0,
    "recall": 0.9285714285714286,
    "f1-score": 0.9629629629629629,
    "support": 28.0
  },
  "yellow_mosaic": {
    "precision": 0.9714285714285714,
    "recall": 0.9714285714285714,
    "f1-score": 0.9714285714285714,
    "support": 35.0
  },
  "accuracy": 0.9743589743589743,
  "macro avg": {
    "precision": 0.9748478057889823,
    "recall": 0.9741176470588236,
    "f1-score": 0.9740974198756185,
    "support": 156.0
  },
  "weighted avg": {
    "precision": 0.9747934472934472,
    "recall": 0.9743589743589743,
    "f1-score": 0.9742321108853637,
    "support": 156.0
  }
}