{
  "Downy_mildew": {
    "precision": 0.9662921348314607,
    "recall": 0.9662921348314607,
    "f1-score": 0.9662921348314607,
    "support": 89.0
  },
  "Fresh_leaf": {
    "precision": 1.0,
    "recall": 1.0,
    "f1-score": 1.0,
    "support": 98.0
  },
  "Gray_mold": {
    "precision": 1.0,
    "recall": 1.0,
    "f1-score": 1.0,
    "support": 71.0
  },
  "Leaf_scars": {
    "precision": 0.9693877551020408,
    "recall": 0.9693877551020408,
    "f1-score": 0.9693877551020408,
    "support": 98.0
  },
  "accuracy": 0.9831460674157303,
  "macro avg": {
    "precision": 0.9839199724833754,
    "recall": 0.9839199724833754,
    "f1-score": 0.9839199724833754,
    "support": 356.0
  },
  "weighted avg": {
    "precision": 0.9831460674157303,
    "recall": 0.9831460674157303,
    "f1-score": 0.9831460674157303,
    "support": 356.0
  }
}