{
  "Anthracnose": {
    "precision": 0.9056603773584906,
    "recall": 0.8888888888888888,
    "f1-score": 0.897196261682243,
    "support": 54.0
  },
  "BacterialSpot": {
    "precision": 0.5393258426966292,
    "recall": 0.6857142857142857,
    "f1-score": 0.6037735849056604,
    "support": 70.0
  },
  "Curl": {
    "precision": 0.7611940298507462,
    "recall": 0.5730337078651685,
    "f1-score": 0.6538461538461539,
    "support": 89.0
  },
  "Healthy": {
    "precision": 0.9166666666666666,
    "recall": 0.9428571428571428,
    "f1-score": 0.9295774647887324,
    "support": 35.0
  },
  "RingSpot": {
    "precision": 0.8571428571428571,
    "recall": 0.8888888888888888,
    "f1-score": 0.8727272727272727,
    "support": 81.0
  },
  "accuracy": 0.7659574468085106,
  "macro avg": {
    "precision": 0.795997954743078,
    "recall": 0.795876582842875,
    "f1-score": 0.7914241475900125,
    "support": 329.0
  },
  "weighted avg": {
    "precision": 0.777862136123841,
    "recall": 0.7659574468085106,
    "f1-score": 0.7663561614743458,
    "support": 329.0
  }
}