{
  "Downy_mildew": {
    "precision": 1.0,
    "recall": 0.9438202247191011,
    "f1-score": 0.9710982658959537,
    "support": 89.0
  },
  "Fresh_leaf": {
    "precision": 1.0,
    "recall": 1.0,
    "f1-score": 1.0,
    "support": 98.0
  },
  "Gray_mold": {
    "precision": 1.0,
    "recall": 1.0,
    "f1-score": 1.0,
    "support": 71.0
  },
  "Leaf_scars": {
    "precision": 0.9514563106796117,
    "recall": 1.0,
    "f1-score": 0.9751243781094527,
    "support": 98.0
  },
  "accuracy": 0.9859550561797753,
  "macro avg": {
    "precision": 0.9878640776699029,
    "recall": 0.9859550561797753,
    "f1-score": 0.9865556610013516,
    "support": 356.0
  },
  "weighted avg": {
    "precision": 0.9866368495691066,
    "recall": 0.9859550561797753,
    "f1-score": 0.985926782919849,
    "support": 356.0
  }
}