{
  "Blight": {
    "precision": 0.9401197604790419,
    "recall": 0.9075144508670521,
    "f1-score": 0.9235294117647059,
    "support": 173.0
  },
  "Common_Rust": {
    "precision": 0.98989898989899,
    "recall": 0.9949238578680203,
    "f1-score": 0.9924050632911392,
    "support": 197.0
  },
  "Gray_Leaf_Spot": {
    "precision": 0.8260869565217391,
    "recall": 0.8735632183908046,
    "f1-score": 0.8491620111731844,
    "support": 87.0
  },
  "Healthy": {
    "precision": 1.0,
    "recall": 1.0,
    "f1-score": 1.0,
    "support": 175.0
  },
  "accuracy": 0.9556962025316456,
  "macro avg": {
    "precision": 0.9390264267249427,
    "recall": 0.9440003817814693,
    "f1-score": 0.9412741215572573,
    "support": 632.0
  },
  "weighted avg": {
    "precision": 0.9565195961872888,
    "recall": 0.9556962025316456,
    "f1-score": 0.9559358871451198,
    "support": 632.0
  }
}