{
  "healthy": {
    "precision": 0.7,
    "recall": 0.5833333333333334,
    "f1-score": 0.6363636363636364,
    "support": 24.0
  },
  "segatoka": {
    "precision": 0.8222222222222222,
    "recall": 0.7708333333333334,
    "f1-score": 0.7956989247311828,
    "support": 48.0
  },
  "xamthomonas": {
    "precision": 0.8384615384615385,
    "recall": 0.8861788617886179,
    "f1-score": 0.8616600790513834,
    "support": 123.0
  },
  "accuracy": 0.8205128205128205,
  "macro avg": {
    "precision": 0.7868945868945869,
    "recall": 0.7467818428184282,
    "f1-score": 0.7645742133820675,
    "support": 195.0
  },
  "weighted avg": {
    "precision": 0.817422748191979,
    "recall": 0.8205128205128205,
    "f1-score": 0.8176946942725344,
    "support": 195.0
  }
}