{
  "Bud_Root_Dropping": {
    "precision": 1.0,
    "recall": 1.0,
    "f1-score": 1.0,
    "support": 78.0
  },
  "Bud_Rot": {
    "precision": 1.0,
    "recall": 1.0,
    "f1-score": 1.0,
    "support": 71.0
  },
  "Gray_Leaf_Spot": {
    "precision": 0.9968454258675079,
    "recall": 0.9844236760124611,
    "f1-score": 0.9905956112852664,
    "support": 321.0
  },
  "Leaf_Rot": {
    "precision": 0.98046875,
    "recall": 0.996031746031746,
    "f1-score": 0.9881889763779528,
    "support": 252.0
  },
  "Stem_Bleeding": {
    "precision": 1.0,
    "recall": 1.0,
    "f1-score": 1.0,
    "support": 152.0
  },
  "accuracy": 0.9931350114416476,
  "macro avg": {
    "precision": 0.9954628351735015,
    "recall": 0.9960910844088413,
    "f1-score": 0.9957569175326437,
    "support": 874.0
  },
  "weighted avg": {
    "precision": 0.9932099619032837,
    "recall": 0.9931350114416476,
    "f1-score": 0.9931405186153485,
    "support": 874.0
  }
}