{
  "Bud_Root_Dropping": {
    "precision": 1.0,
    "recall": 1.0,
    "f1-score": 1.0,
    "support": 78.0
  },
  "Bud_Rot": {
    "precision": 1.0,
    "recall": 1.0,
    "f1-score": 1.0,
    "support": 71.0
  },
  "Gray_Leaf_Spot": {
    "precision": 0.990625,
    "recall": 0.9875389408099688,
    "f1-score": 0.9890795631825273,
    "support": 321.0
  },
  "Leaf_Rot": {
    "precision": 0.9841897233201581,
    "recall": 0.9880952380952381,
    "f1-score": 0.9861386138613861,
    "support": 252.0
  },
  "Stem_Bleeding": {
    "precision": 1.0,
    "recall": 1.0,
    "f1-score": 1.0,
    "support": 152.0
  },
  "accuracy": 0.9919908466819222,
  "macro avg": {
    "precision": 0.9949629446640316,
    "recall": 0.9951268357810413,
    "f1-score": 0.9950436354087827,
    "support": 874.0
  },
  "weighted avg": {
    "precision": 0.9919982096987183,
    "recall": 0.9919908466819222,
    "f1-score": 0.9919925291472088,
    "support": 874.0
  }
}