{
  "healthy": {
    "precision": 0.6153846153846154,
    "recall": 0.3333333333333333,
    "f1-score": 0.43243243243243246,
    "support": 24.0
  },
  "segatoka": {
    "precision": 0.8723404255319149,
    "recall": 0.8541666666666666,
    "f1-score": 0.8631578947368421,
    "support": 48.0
  },
  "xamthomonas": {
    "precision": 0.837037037037037,
    "recall": 0.9186991869918699,
    "f1-score": 0.875968992248062,
    "support": 123.0
  },
  "accuracy": 0.8307692307692308,
  "macro avg": {
    "precision": 0.7749206926511891,
    "recall": 0.7020663956639567,
    "f1-score": 0.7238531064724455,
    "support": 195.0
  },
  "weighted avg": {
    "precision": 0.8184468038477858,
    "recall": 0.8307692307692308,
    "f1-score": 0.818226376267992,
    "support": 195.0
  }
}