{
  "Anthracnose": {
    "precision": 0.8545454545454545,
    "recall": 0.8703703703703703,
    "f1-score": 0.8623853211009175,
    "support": 54.0
  },
  "BacterialSpot": {
    "precision": 0.5421686746987951,
    "recall": 0.6428571428571429,
    "f1-score": 0.5882352941176471,
    "support": 70.0
  },
  "Curl": {
    "precision": 0.726027397260274,
    "recall": 0.5955056179775281,
    "f1-score": 0.654320987654321,
    "support": 89.0
  },
  "Healthy": {
    "precision": 0.9714285714285714,
    "recall": 0.9714285714285714,
    "f1-score": 0.9714285714285714,
    "support": 35.0
  },
  "RingSpot": {
    "precision": 0.891566265060241,
    "recall": 0.9135802469135802,
    "f1-score": 0.9024390243902439,
    "support": 81.0
  },
  "accuracy": 0.7689969604863222,
  "macro avg": {
    "precision": 0.7971472725986672,
    "recall": 0.7987483899094386,
    "f1-score": 0.7957618397383401,
    "support": 329.0
  },
  "weighted avg": {
    "precision": 0.7748649471137206,
    "recall": 0.7689969604863222,
    "f1-score": 0.7692322395274442,
    "support": 329.0
  }
}