{
  "Canker": {
    "precision": 0.75,
    "recall": 0.46153846153846156,
    "f1-score": 0.5714285714285714,
    "support": 13.0
  },
  "Dot": {
    "precision": 0.5882352941176471,
    "recall": 0.8333333333333334,
    "f1-score": 0.6896551724137931,
    "support": 12.0
  },
  "Mummification": {
    "precision": 0.8333333333333334,
    "recall": 0.7692307692307693,
    "f1-score": 0.8,
    "support": 13.0
  },
  "Rust": {
    "precision": 0.5833333333333334,
    "recall": 0.6363636363636364,
    "f1-score": 0.6086956521739131,
    "support": 11.0
  },
  "accuracy": 0.673469387755102,
  "macro avg": {
    "precision": 0.6887254901960785,
    "recall": 0.6751165501165501,
    "f1-score": 0.6674448490040694,
    "support": 49.0
  },
  "weighted avg": {
    "precision": 0.6950780312124849,
    "recall": 0.673469387755102,
    "f1-score": 0.6693895034989794,
    "support": 49.0
  }
}