{
  "Downy_mildew": {
    "precision": 1.0,
    "recall": 0.9325842696629213,
    "f1-score": 0.9651162790697675,
    "support": 89.0
  },
  "Fresh_leaf": {
    "precision": 1.0,
    "recall": 1.0,
    "f1-score": 1.0,
    "support": 98.0
  },
  "Gray_mold": {
    "precision": 1.0,
    "recall": 1.0,
    "f1-score": 1.0,
    "support": 71.0
  },
  "Leaf_scars": {
    "precision": 0.9423076923076923,
    "recall": 1.0,
    "f1-score": 0.9702970297029703,
    "support": 98.0
  },
  "accuracy": 0.9831460674157303,
  "macro avg": {
    "precision": 0.9855769230769231,
    "recall": 0.9831460674157303,
    "f1-score": 0.9838533271931844,
    "support": 356.0
  },
  "weighted avg": {
    "precision": 0.9841184096802074,
    "recall": 0.9831460674157303,
    "f1-score": 0.9831024094047764,
    "support": 356.0
  }
}