{
  "Blight": {
    "precision": 0.903954802259887,
    "recall": 0.9248554913294798,
    "f1-score": 0.9142857142857143,
    "support": 173.0
  },
  "Common_Rust": {
    "precision": 0.9948979591836735,
    "recall": 0.9898477157360406,
    "f1-score": 0.9923664122137404,
    "support": 197.0
  },
  "Gray_Leaf_Spot": {
    "precision": 0.8414634146341463,
    "recall": 0.7931034482758621,
    "f1-score": 0.8165680473372781,
    "support": 87.0
  },
  "Healthy": {
    "precision": 0.9887005649717514,
    "recall": 1.0,
    "f1-score": 0.9943181818181818,
    "support": 175.0
  },
  "accuracy": 0.9477848101265823,
  "macro avg": {
    "precision": 0.9322541852623645,
    "recall": 0.9269516638353457,
    "f1-score": 0.9293845889137287,
    "support": 632.0
  },
  "weighted avg": {
    "precision": 0.947166130843942,
    "recall": 0.9477848101265823,
    "f1-score": 0.9473334077754122,
    "support": 632.0
  }
}