{
  "anthracnose": {
    "precision": 1.0,
    "recall": 1.0,
    "f1-score": 1.0,
    "support": 35.0
  },
  "healthy": {
    "precision": 0.9705882352941176,
    "recall": 0.9705882352941176,
    "f1-score": 0.9705882352941176,
    "support": 34.0
  },
  "leaf_crinckle": {
    "precision": 0.96,
    "recall": 1.0,
    "f1-score": 0.9795918367346939,
    "support": 24.0
  },
  "powdery_mildew": {
    "precision": 1.0,
    "recall": 0.9642857142857143,
    "f1-score": 0.9818181818181818,
    "support": 28.0
  },
  "yellow_mosaic": {
    "precision": 0.9714285714285714,
    "recall": 0.9714285714285714,
    "f1-score": 0.9714285714285714,
    "support": 35.0
  },
  "accuracy": 0.9807692307692307,
  "macro avg": {
    "precision": 0.9804033613445379,
    "recall": 0.9812605042016808,
    "f1-score": 0.980685365055113,
    "support": 156.0
  },
  "weighted avg": {
    "precision": 0.9810256410256409,
    "recall": 0.9807692307692307,
    "f1-score": 0.9807763664906523,
    "support": 156.0
  }
}