{
  "healthy": {
    "precision": 0.6428571428571429,
    "recall": 0.375,
    "f1-score": 0.47368421052631576,
    "support": 24.0
  },
  "segatoka": {
    "precision": 0.8444444444444444,
    "recall": 0.7916666666666666,
    "f1-score": 0.8172043010752689,
    "support": 48.0
  },
  "xamthomonas": {
    "precision": 0.8161764705882353,
    "recall": 0.9024390243902439,
    "f1-score": 0.8571428571428571,
    "support": 123.0
  },
  "accuracy": 0.8102564102564103,
  "macro avg": {
    "precision": 0.7678260192966077,
    "recall": 0.6897018970189701,
    "f1-score": 0.7160104562481472,
    "support": 195.0
  },
  "weighted avg": {
    "precision": 0.8018031315090138,
    "recall": 0.8102564102564103,
    "f1-score": 0.8001169176041841,
    "support": 195.0
  }
}