{
  "Canker": {
    "precision": 0.7,
    "recall": 0.5384615384615384,
    "f1-score": 0.6086956521739131,
    "support": 13.0
  },
  "Dot": {
    "precision": 0.5882352941176471,
    "recall": 0.8333333333333334,
    "f1-score": 0.6896551724137931,
    "support": 12.0
  },
  "Mummification": {
    "precision": 0.7777777777777778,
    "recall": 0.5384615384615384,
    "f1-score": 0.6363636363636364,
    "support": 13.0
  },
  "Rust": {
    "precision": 0.5384615384615384,
    "recall": 0.6363636363636364,
    "f1-score": 0.5833333333333334,
    "support": 11.0
  },
  "accuracy": 0.6326530612244898,
  "macro avg": {
    "precision": 0.6511186525892407,
    "recall": 0.6366550116550116,
    "f1-score": 0.629511948571169,
    "support": 49.0
  },
  "weighted avg": {
    "precision": 0.6570002359918325,
    "recall": 0.6326530612244898,
    "f1-score": 0.6301693772779658,
    "support": 49.0
  }
}